{
  "data": [
    {
      "id": 1,
      "name": "Andriod1",
      "contact": "9884833261",
      "country": "India"
    },
    {
      "id": 2,
      "name": "Laptop",
      "contact": "9884833247",
      "country": "USA"
    },
    {
      "id": 3,
      "name": "Charger",
      "contact": "9884833247",
      "country": "USA"
    },
    {
      "id": 4,
      "name": "Fridge",
      "contact": "9884833247",
      "country": "USA"
    },
    {
      "id": 5,
      "name": "TV",
      "contact": "9884833247",
      "country": "USA"
    },
    {
      "name": "Table",
      "contact": "283782748",
      "country": "India",
      "id": 7
    }
  ]
}