{
    "isSuccessful": true,
    "totalRecords": 0,
    "exportMessage": "",
    "message": [
    {
    "fieldName": "",
    "message": "No records found."
    }
    ],
    "gridResponse": {
    "gridcode": "G001",
    "gridRow": 1000,
    "gridRowsPerPageOptions": [
    1000,
    1500,
    2000
    ],
    "exportSize": 2000,
    "stickyHeader": true,
    "isExportExcelVisible": false,
    "isExportPDFVisible": false,
    "isSaveTableSettingsVisible": false,
    "isResetTableSettingsVisible": false,
    "cols": []
    },
    "data": [
    {
    "myTicketListCode": 1,
    "ticketNo": 1,
    "revision": "NY_CN_0_20210730.kmz",
    "type": "YYYY-MM-DD",
    "address": "NY",
    "city": "",
    "state": "",
    "excavator ": "",
    "ustomer": "",
    "ticketDetails": {
    "ticketNo": 1,
    "ticketLocation": "",
    "digStartDate": "",
    "expiryDate": "",
    "workType": "",
    "meetingNotes": "",
    "remarks": ""
    }
    }
    ],
    "fileName": null,
    "permission": null
}